Domain Code,Domain,Area Code (M49),Area,Element Code,Element,Item Code,Item,Year Code,Year,Unit,Value,Flag,Flag Description
"RP","Pesticides Use","356","India","5157","Agricultural Use","1357","Pesticides (total)","1990","1990","tonnes","75000","E","Estimated value"
"RP","Pesticides Use","356","India","5157","Agricultural Use","1357","Pesticides (total)","1991","1991","tonnes","72133","E","Estimated value"
"RP","Pesticides Use","356","India","5157","Agricultural Use","1357","Pesticides (total)","1992","1992","tonnes","70791","E","Estimated value"
"RP","Pesticides Use","356","India","5157","Agricultural Use","1357","Pesticides (total)","1993","1993","tonnes","66388","E","Estimated value"
"RP","Pesticides Use","356","India","5157","Agricultural Use","1357","Pesticides (total)","1994","1994","tonnes","61357","E","Estimated value"
"RP","Pesticides Use","356","India","5157","Agricultural Use","1357","Pesticides (total)","1995","1995","tonnes","61257","E","Estimated value"
"RP","Pesticides Use","356","India","5157","Agricultural Use","1357","Pesticides (total)","1996","1996","tonnes","56114","E","Estimated value"
"RP","Pesticides Use","356","India","5157","Agricultural Use","1357","Pesticides (total)","1997","1997","tonnes","52279","E","Estimated value"
"RP","Pesticides Use","356","India","5157","Agricultural Use","1357","Pesticides (total)","1998","1998","tonnes","49157","E","Estimated value"
"RP","Pesticides Use","356","India","5157","Agricultural Use","1357","Pesticides (total)","1999","1999","tonnes","46195","E","Estimated value"
"RP","Pesticides Use","356","India","5157","Agricultural Use","1357","Pesticides (total)","2000","2000","tonnes","44957.52","E","Estimated value"
"RP","Pesticides Use","356","India","5157","Agricultural Use","1357","Pesticides (total)","2001","2001","tonnes","43720.04","E","Estimated value"
"RP","Pesticides Use","356","India","5157","Agricultural Use","1357","Pesticides (total)","2002","2002","tonnes","42482.56","E","Estimated value"
"RP","Pesticides Use","356","India","5157","Agricultural Use","1357","Pesticides (total)","2003","2003","tonnes","41245.08","E","Estimated value"
"RP","Pesticides Use","356","India","5157","Agricultural Use","1357","Pesticides (total)","2004","2004","tonnes","35113","E","Estimated value"
"RP","Pesticides Use","356","India","5157","Agricultural Use","1357","Pesticides (total)","2005","2005","tonnes","35342","E","Estimated value"
"RP","Pesticides Use","356","India","5157","Agricultural Use","1357","Pesticides (total)","2006","2006","tonnes","37423","E","Estimated value"
"RP","Pesticides Use","356","India","5157","Agricultural Use","1357","Pesticides (total)","2007","2007","tonnes","27422.77","E","Estimated value"
"RP","Pesticides Use","356","India","5157","Agricultural Use","1357","Pesticides (total)","2008","2008","tonnes","14485.33","E","Estimated value"
"RP","Pesticides Use","356","India","5157","Agricultural Use","1357","Pesticides (total)","2009","2009","tonnes","28707.01","E","Estimated value"
"RP","Pesticides Use","356","India","5157","Agricultural Use","1357","Pesticides (total)","2010","2010","tonnes","40093.69","E","Estimated value"
"RP","Pesticides Use","356","India","5157","Agricultural Use","1357","Pesticides (total)","2011","2011","tonnes","55540","E","Estimated value"
"RP","Pesticides Use","356","India","5157","Agricultural Use","1357","Pesticides (total)","2012","2012","tonnes","52980","E","Estimated value"
"RP","Pesticides Use","356","India","5157","Agricultural Use","1357","Pesticides (total)","2013","2013","tonnes","45620","E","Estimated value"
"RP","Pesticides Use","356","India","5157","Agricultural Use","1357","Pesticides (total)","2014","2014","tonnes","56267.67","E","Estimated value"
"RP","Pesticides Use","356","India","5157","Agricultural Use","1357","Pesticides (total)","2015","2015","tonnes","56720.12","E","Estimated value"
"RP","Pesticides Use","356","India","5157","Agricultural Use","1357","Pesticides (total)","2016","2016","tonnes","58634.43","E","Estimated value"
"RP","Pesticides Use","356","India","5157","Agricultural Use","1357","Pesticides (total)","2017","2017","tonnes","63405.78","E","Estimated value"
"RP","Pesticides Use","356","India","5157","Agricultural Use","1357","Pesticides (total)","2018","2018","tonnes","59669.93","E","Estimated value"
"RP","Pesticides Use","356","India","5157","Agricultural Use","1357","Pesticides (total)","2019","2019","tonnes","61701.9","E","Estimated value"
"RP","Pesticides Use","356","India","5157","Agricultural Use","1357","Pesticides (total)","2020","2020","tonnes","61701.9","E","Estimated value"
"RP","Pesticides Use","356","India","5157","Agricultural Use","1309","Insecticides","1990","1990","tonnes","57945","A","Official figure"
"RP","Pesticides Use","356","India","5157","Agricultural Use","1309","Insecticides","1991","1991","tonnes","54420","A","Official figure"
"RP","Pesticides Use","356","India","5157","Agricultural Use","1309","Insecticides","1992","1992","tonnes","51659","A","Official figure"
"RP","Pesticides Use","356","India","5157","Agricultural Use","1309","Insecticides","1993","1993","tonnes","47031","I","Imputed value"
"RP","Pesticides Use","356","India","5157","Agricultural Use","1309","Insecticides","1994","1994","tonnes","41994","A","Official figure"
"RP","Pesticides Use","356","India","5157","Agricultural Use","1309","Insecticides","1995","1995","tonnes","40045","A","Official figure"
"RP","Pesticides Use","356","India","5157","Agricultural Use","1309","Insecticides","1996","1996","tonnes","35486","A","Official figure"
"RP","Pesticides Use","356","India","5157","Agricultural Use","1309","Insecticides","1997","1997","tonnes","31078","A","Official figure"
"RP","Pesticides Use","356","India","5157","Agricultural Use","1309","Insecticides","1998","1998","tonnes","28268","A","Official figure"
"RP","Pesticides Use","356","India","5157","Agricultural Use","1309","Insecticides","1999","1999","tonnes","27405","A","Official figure"
"RP","Pesticides Use","356","India","5157","Agricultural Use","1309","Insecticides","2000","2000","tonnes","26227.25","I","Imputed value"
"RP","Pesticides Use","356","India","5157","Agricultural Use","1309","Insecticides","2001","2001","tonnes","25049.5","I","Imputed value"
"RP","Pesticides Use","356","India","5157","Agricultural Use","1309","Insecticides","2002","2002","tonnes","23871.75","I","Imputed value"
"RP","Pesticides Use","356","India","5157","Agricultural Use","1309","Insecticides","2003","2003","tonnes","22694","A","Official figure"
"RP","Pesticides Use","356","India","5157","Agricultural Use","1309","Insecticides","2004","2004","tonnes","21489","A","Official figure"
"RP","Pesticides Use","356","India","5157","Agricultural Use","1309","Insecticides","2005","2005","tonnes","21783","A","Official figure"
"RP","Pesticides Use","356","India","5157","Agricultural Use","1309","Insecticides","2006","2006","tonnes","16913","A","Official figure"
"RP","Pesticides Use","356","India","5157","Agricultural Use","1309","Insecticides","2007","2007","tonnes","14617.64","A","Official figure"
"RP","Pesticides Use","356","India","5157","Agricultural Use","1309","Insecticides","2008","2008","tonnes","3278.33","A","Official figure"
"RP","Pesticides Use","356","India","5157","Agricultural Use","1309","Insecticides","2009","2009","tonnes","14810.19","A","Official figure"
"RP","Pesticides Use","356","India","5157","Agricultural Use","1309","Insecticides","2010","2010","tonnes","20618.83","A","Official figure"
"RP","Pesticides Use","356","India","5157","Agricultural Use","1309","Insecticides","2011","2011","tonnes","28562.35","I","Imputed value"
"RP","Pesticides Use","356","India","5157","Agricultural Use","1309","Insecticides","2012","2012","tonnes","27245.82","I","Imputed value"
"RP","Pesticides Use","356","India","5157","Agricultural Use","1309","Insecticides","2013","2013","tonnes","23460.82","I","Imputed value"
"RP","Pesticides Use","356","India","5157","Agricultural Use","1309","Insecticides","2014","2014","tonnes","28936.56","I","Imputed value"
"RP","Pesticides Use","356","India","5157","Agricultural Use","1309","Insecticides","2015","2015","tonnes","29169.24","I","Imputed value"
"RP","Pesticides Use","356","India","5157","Agricultural Use","1309","Insecticides","2016","2016","tonnes","30153.71","I","Imputed value"
"RP","Pesticides Use","356","India","5157","Agricultural Use","1309","Insecticides","2017","2017","tonnes","32607.45","I","Imputed value"
"RP","Pesticides Use","356","India","5157","Agricultural Use","1309","Insecticides","2018","2018","tonnes","30686.23","I","Imputed value"
"RP","Pesticides Use","356","India","5157","Agricultural Use","1309","Insecticides","2019","2019","tonnes","31731.2","I","Imputed value"
"RP","Pesticides Use","356","India","5157","Agricultural Use","1309","Insecticides","2020","2020","tonnes","31731.2","I","Imputed value"
"RP","Pesticides Use","356","India","5157","Agricultural Use","1310","Insecticides – Chlorinated Hydrocarbons","1990","1990","tonnes","24712","A","Official figure"
"RP","Pesticides Use","356","India","5157","Agricultural Use","1310","Insecticides – Chlorinated Hydrocarbons","1991","1991","tonnes","21213","A","Official figure"
"RP","Pesticides Use","356","India","5157","Agricultural Use","1310","Insecticides – Chlorinated Hydrocarbons","1992","1992","tonnes","18485","A","Official figure"
"RP","Pesticides Use","356","India","5157","Agricultural Use","1310","Insecticides – Chlorinated Hydrocarbons","1993","1993","tonnes","16356","I","Imputed value"
"RP","Pesticides Use","356","India","5157","Agricultural Use","1310","Insecticides – Chlorinated Hydrocarbons","1994","1994","tonnes","13452","A","Official figure"
"RP","Pesticides Use","356","India","5157","Agricultural Use","1310","Insecticides – Chlorinated Hydrocarbons","1995","1995","tonnes","12272","A","Official figure"
"RP","Pesticides Use","356","India","5157","Agricultural Use","1310","Insecticides – Chlorinated Hydrocarbons","1996","1996","tonnes","7991","A","Official figure"
"RP","Pesticides Use","356","India","5157","Agricultural Use","1310","Insecticides – Chlorinated Hydrocarbons","1997","1997","tonnes","4504","A","Official figure"
"RP","Pesticides Use","356","India","5157","Agricultural Use","1310","Insecticides – Chlorinated Hydrocarbons","1998","1998","tonnes","3984","A","Official figure"
"RP","Pesticides Use","356","India","5157","Agricultural Use","1310","Insecticides – Chlorinated Hydrocarbons","1999","1999","tonnes","3777","A","Official figure"
"RP","Pesticides Use","356","India","5157","Agricultural Use","1310","Insecticides – Chlorinated Hydrocarbons","2003","2003","tonnes","2655","A","Official figure"
"RP","Pesticides Use","356","India","5157","Agricultural Use","1310","Insecticides – Chlorinated Hydrocarbons","2004","2004","tonnes","2907","A","Official figure"
"RP","Pesticides Use","356","India","5157","Agricultural Use","1310","Insecticides – Chlorinated Hydrocarbons","2005","2005","tonnes","2242","A","Official figure"
"RP","Pesticides Use","356","India","5157","Agricultural Use","1310","Insecticides – Chlorinated Hydrocarbons","2006","2006","tonnes","4209","A","Official figure"
"RP","Pesticides Use","356","India","5157","Agricultural Use","1310","Insecticides – Chlorinated Hydrocarbons","2007","2007","tonnes","3639.02","A","Official figure"
"RP","Pesticides Use","356","India","5157","Agricultural Use","1310","Insecticides – Chlorinated Hydrocarbons","2008","2008","tonnes","2841.33","A","Official figure"
"RP","Pesticides Use","356","India","5157","Agricultural Use","1310","Insecticides – Chlorinated Hydrocarbons","2009","2009","tonnes","3228.4","A","Official figure"
"RP","Pesticides Use","356","India","5157","Agricultural Use","1310","Insecticides – Chlorinated Hydrocarbons","2010","2010","tonnes","4485.21","A","Official figure"
"RP","Pesticides Use","356","India","5157","Agricultural Use","1311","Insecticides – Organo-phosphates","1990","1990","tonnes","20947","A","Official figure"
"RP","Pesticides Use","356","India","5157","Agricultural Use","1311","Insecticides – Organo-phosphates","1991","1991","tonnes","24122","A","Official figure"
"RP","Pesticides Use","356","India","5157","Agricultural Use","1311","Insecticides – Organo-phosphates","1992","1992","tonnes","24556","A","Official figure"
"RP","Pesticides Use","356","India","5157","Agricultural Use","1311","Insecticides – Organo-phosphates","1993","1993","tonnes","24000","I","Imputed value"
"RP","Pesticides Use","356","India","5157","Agricultural Use","1311","Insecticides – Organo-phosphates","1994","1994","tonnes","23664","A","Official figure"
"RP","Pesticides Use","356","India","5157","Agricultural Use","1311","Insecticides – Organo-phosphates","1995","1995","tonnes","23656","A","Official figure"
"RP","Pesticides Use","356","India","5157","Agricultural Use","1311","Insecticides – Organo-phosphates","1996","1996","tonnes","23302","A","Official figure"
"RP","Pesticides Use","356","India","5157","Agricultural Use","1311","Insecticides – Organo-phosphates","1997","1997","tonnes","23296","A","Official figure"
"RP","Pesticides Use","356","India","5157","Agricultural Use","1311","Insecticides – Organo-phosphates","1998","1998","tonnes","21099","A","Official figure"
"RP","Pesticides Use","356","India","5157","Agricultural Use","1311","Insecticides – Organo-phosphates","1999","1999","tonnes","19788","A","Official figure"
"RP","Pesticides Use","356","India","5157","Agricultural Use","1311","Insecticides – Organo-phosphates","2003","2003","tonnes","20039","A","Official figure"
"RP","Pesticides Use","356","India","5157","Agricultural Use","1311","Insecticides – Organo-phosphates","2004","2004","tonnes","18582","A","Official figure"
"RP","Pesticides Use","356","India","5157","Agricultural Use","1311","Insecticides – Organo-phosphates","2005","2005","tonnes","19541","A","Official figure"
"RP","Pesticides Use","356","India","5157","Agricultural Use","1311","Insecticides – Organo-phosphates","2006","2006","tonnes","12704","A","Official figure"
"RP","Pesticides Use","356","India","5157","Agricultural Use","1311","Insecticides – Organo-phosphates","2007","2007","tonnes","10978.62","A","Official figure"
"RP","Pesticides Use","356","India","5157","Agricultural Use","1311","Insecticides – Organo-phosphates","2008","2008","tonnes","437","A","Official figure"
"RP","Pesticides Use","356","India","5157","Agricultural Use","1311","Insecticides – Organo-phosphates","2009","2009","tonnes","11581.79","A","Official figure"
"RP","Pesticides Use","356","India","5157","Agricultural Use","1311","Insecticides – Organo-phosphates","2010","2010","tonnes","16133.62","A","Official figure"
"RP","Pesticides Use","356","India","5157","Agricultural Use","1312","Insecticides – Carbamates","1990","1990","tonnes","4418","A","Official figure"
"RP","Pesticides Use","356","India","5157","Agricultural Use","1312","Insecticides – Carbamates","1991","1991","tonnes","2737","A","Official figure"
"RP","Pesticides Use","356","India","5157","Agricultural Use","1312","Insecticides – Carbamates","1992","1992","tonnes","2656","A","Official figure"
"RP","Pesticides Use","356","India","5157","Agricultural Use","1312","Insecticides – Carbamates","1993","1993","tonnes","2478","I","Imputed value"
"RP","Pesticides Use","356","India","5157","Agricultural Use","1312","Insecticides – Carbamates","1994","1994","tonnes","2775","A","Official figure"
"RP","Pesticides Use","356","India","5157","Agricultural Use","1312","Insecticides – Carbamates","1995","1995","tonnes","1744","A","Official figure"
"RP","Pesticides Use","356","India","5157","Agricultural Use","1312","Insecticides – Carbamates","1996","1996","tonnes","1877","A","Official figure"
"RP","Pesticides Use","356","India","5157","Agricultural Use","1312","Insecticides – Carbamates","1997","1997","tonnes","1108","A","Official figure"
"RP","Pesticides Use","356","India","5157","Agricultural Use","1312","Insecticides – Carbamates","1998","1998","tonnes","791","A","Official figure"
"RP","Pesticides Use","356","India","5157","Agricultural Use","1312","Insecticides – Carbamates","1999","1999","tonnes","667","A","Official figure"
"RP","Pesticides Use","356","India","5157","Agricultural Use","1313","Insecticides – Pyrethroids","1990","1990","tonnes","976","A","Official figure"
"RP","Pesticides Use","356","India","5157","Agricultural Use","1313","Insecticides – Pyrethroids","1991","1991","tonnes","1056","A","Official figure"
"RP","Pesticides Use","356","India","5157","Agricultural Use","1313","Insecticides – Pyrethroids","1992","1992","tonnes","1126","A","Official figure"
"RP","Pesticides Use","356","India","5157","Agricultural Use","1313","Insecticides – Pyrethroids","1993","1993","tonnes","1289","I","Imputed value"
"RP","Pesticides Use","356","India","5157","Agricultural Use","1313","Insecticides – Pyrethroids","1994","1994","tonnes","1345","A","Official figure"
"RP","Pesticides Use","356","India","5157","Agricultural Use","1313","Insecticides – Pyrethroids","1995","1995","tonnes","1628","A","Official figure"
"RP","Pesticides Use","356","India","5157","Agricultural Use","1313","Insecticides – Pyrethroids","1996","1996","tonnes","1411","A","Official figure"
"RP","Pesticides Use","356","India","5157","Agricultural Use","1313","Insecticides – Pyrethroids","1997","1997","tonnes","1623","A","Official figure"
"RP","Pesticides Use","356","India","5157","Agricultural Use","1313","Insecticides – Pyrethroids","1998","1998","tonnes","1756","A","Official figure"
"RP","Pesticides Use","356","India","5157","Agricultural Use","1313","Insecticides – Pyrethroids","1999","1999","tonnes","1886","A","Official figure"
"RP","Pesticides Use","356","India","5157","Agricultural Use","1314","Insecticides – Botanical products and biologicals","1993","1993","tonnes","75","I","Imputed value"
"RP","Pesticides Use","356","India","5157","Agricultural Use","1314","Insecticides – Botanical products and biologicals","1994","1994","tonnes","123","A","Official figure"
"RP","Pesticides Use","356","India","5157","Agricultural Use","1314","Insecticides – Botanical products and biologicals","1995","1995","tonnes","175","A","Official figure"
"RP","Pesticides Use","356","India","5157","Agricultural Use","1314","Insecticides – Botanical products and biologicals","1996","1996","tonnes","219","A","Official figure"
"RP","Pesticides Use","356","India","5157","Agricultural Use","1314","Insecticides – Botanical products and biologicals","1997","1997","tonnes","395","A","Official figure"
"RP","Pesticides Use","356","India","5157","Agricultural Use","1314","Insecticides – Botanical products and biologicals","1998","1998","tonnes","482","A","Official figure"
"RP","Pesticides Use","356","India","5157","Agricultural Use","1314","Insecticides – Botanical products and biologicals","1999","1999","tonnes","874","A","Official figure"
"RP","Pesticides Use","356","India","5157","Agricultural Use","1315","Insecticides – Other","1990","1990","tonnes","6892","A","Official figure"
"RP","Pesticides Use","356","India","5157","Agricultural Use","1315","Insecticides – Other","1991","1991","tonnes","5292","A","Official figure"
"RP","Pesticides Use","356","India","5157","Agricultural Use","1315","Insecticides – Other","1992","1992","tonnes","4836","A","Official figure"
"RP","Pesticides Use","356","India","5157","Agricultural Use","1315","Insecticides – Other","1993","1993","tonnes","2833","I","Imputed value"
"RP","Pesticides Use","356","India","5157","Agricultural Use","1315","Insecticides – Other","1994","1994","tonnes","635","A","Official figure"
"RP","Pesticides Use","356","India","5157","Agricultural Use","1315","Insecticides – Other","1995","1995","tonnes","570","A","Official figure"
"RP","Pesticides Use","356","India","5157","Agricultural Use","1315","Insecticides – Other","1996","1996","tonnes","686","A","Official figure"
"RP","Pesticides Use","356","India","5157","Agricultural Use","1315","Insecticides – Other","1997","1997","tonnes","152","A","Official figure"
"RP","Pesticides Use","356","India","5157","Agricultural Use","1315","Insecticides – Other","1998","1998","tonnes","156","A","Official figure"
"RP","Pesticides Use","356","India","5157","Agricultural Use","1315","Insecticides – Other","1999","1999","tonnes","413","A","Official figure"
"RP","Pesticides Use","356","India","5157","Agricultural Use","1320","Herbicides","1990","1990","tonnes","5821","A","Official figure"
"RP","Pesticides Use","356","India","5157","Agricultural Use","1320","Herbicides","1991","1991","tonnes","6003","A","Official figure"
"RP","Pesticides Use","356","India","5157","Agricultural Use","1320","Herbicides","1992","1992","tonnes","7437","A","Official figure"
"RP","Pesticides Use","356","India","5157","Agricultural Use","1320","Herbicides","1993","1993","tonnes","6593","I","Imputed value"
"RP","Pesticides Use","356","India","5157","Agricultural Use","1320","Herbicides","1994","1994","tonnes","6810","A","Official figure"
"RP","Pesticides Use","356","India","5157","Agricultural Use","1320","Herbicides","1995","1995","tonnes","6120","A","Official figure"
"RP","Pesticides Use","356","India","5157","Agricultural Use","1320","Herbicides","1996","1996","tonnes","7258","A","Official figure"
"RP","Pesticides Use","356","India","5157","Agricultural Use","1320","Herbicides","1997","1997","tonnes","6992","A","Official figure"
"RP","Pesticides Use","356","India","5157","Agricultural Use","1320","Herbicides","1998","1998","tonnes","7481","A","Official figure"
"RP","Pesticides Use","356","India","5157","Agricultural Use","1320","Herbicides","1999","1999","tonnes","7480","A","Official figure"
"RP","Pesticides Use","356","India","5157","Agricultural Use","1320","Herbicides","2000","2000","tonnes","7485","I","Imputed value"
"RP","Pesticides Use","356","India","5157","Agricultural Use","1320","Herbicides","2001","2001","tonnes","7490","I","Imputed value"
"RP","Pesticides Use","356","India","5157","Agricultural Use","1320","Herbicides","2002","2002","tonnes","7495","I","Imputed value"
"RP","Pesticides Use","356","India","5157","Agricultural Use","1320","Herbicides","2003","2003","tonnes","7500","A","Official figure"
"RP","Pesticides Use","356","India","5157","Agricultural Use","1320","Herbicides","2004","2004","tonnes","5154","A","Official figure"
"RP","Pesticides Use","356","India","5157","Agricultural Use","1320","Herbicides","2005","2005","tonnes","6959","A","Official figure"
"RP","Pesticides Use","356","India","5157","Agricultural Use","1320","Herbicides","2006","2006","tonnes","6304","A","Official figure"
"RP","Pesticides Use","356","India","5157","Agricultural Use","1320","Herbicides","2007","2007","tonnes","4121.66","A","Official figure"
"RP","Pesticides Use","356","India","5157","Agricultural Use","1320","Herbicides","2008","2008","tonnes","3574.67","A","Official figure"
"RP","Pesticides Use","356","India","5157","Agricultural Use","1320","Herbicides","2009","2009","tonnes","4219.98","A","Official figure"
"RP","Pesticides Use","356","India","5157","Agricultural Use","1320","Herbicides","2010","2010","tonnes","6334.98","A","Official figure"
"RP","Pesticides Use","356","India","5157","Agricultural Use","1320","Herbicides","2011","2011","tonnes","8775.57","I","Imputed value"
"RP","Pesticides Use","356","India","5157","Agricultural Use","1320","Herbicides","2012","2012","tonnes","8371.07","I","Imputed value"
"RP","Pesticides Use","356","India","5157","Agricultural Use","1320","Herbicides","2013","2013","tonnes","7208.16","I","Imputed value"
"RP","Pesticides Use","356","India","5157","Agricultural Use","1320","Herbicides","2014","2014","tonnes","8890.54","I","Imputed value"
"RP","Pesticides Use","356","India","5157","Agricultural Use","1320","Herbicides","2015","2015","tonnes","8962.03","I","Imputed value"
"RP","Pesticides Use","356","India","5157","Agricultural Use","1320","Herbicides","2016","2016","tonnes","9264.5","I","Imputed value"
"RP","Pesticides Use","356","India","5157","Agricultural Use","1320","Herbicides","2017","2017","tonnes","10018.39","I","Imputed value"
"RP","Pesticides Use","356","India","5157","Agricultural Use","1320","Herbicides","2018","2018","tonnes","9428.11","I","Imputed value"
"RP","Pesticides Use","356","India","5157","Agricultural Use","1320","Herbicides","2019","2019","tonnes","9749.17","I","Imputed value"
"RP","Pesticides Use","356","India","5157","Agricultural Use","1320","Herbicides","2020","2020","tonnes","9749.17","I","Imputed value"
"RP","Pesticides Use","356","India","5157","Agricultural Use","1321","Herbicides – Phenoxy hormone products","1990","1990","tonnes","791","A","Official figure"
"RP","Pesticides Use","356","India","5157","Agricultural Use","1321","Herbicides – Phenoxy hormone products","1991","1991","tonnes","686","A","Official figure"
"RP","Pesticides Use","356","India","5157","Agricultural Use","1321","Herbicides – Phenoxy hormone products","1992","1992","tonnes","750","A","Official figure"
"RP","Pesticides Use","356","India","5157","Agricultural Use","1321","Herbicides – Phenoxy hormone products","1993","1993","tonnes","629","I","Imputed value"
"RP","Pesticides Use","356","India","5157","Agricultural Use","1321","Herbicides – Phenoxy hormone products","1994","1994","tonnes","612","A","Official figure"
"RP","Pesticides Use","356","India","5157","Agricultural Use","1321","Herbicides – Phenoxy hormone products","1995","1995","tonnes","467","A","Official figure"
"RP","Pesticides Use","356","India","5157","Agricultural Use","1321","Herbicides – Phenoxy hormone products","1996","1996","tonnes","621","A","Official figure"
"RP","Pesticides Use","356","India","5157","Agricultural Use","1321","Herbicides – Phenoxy hormone products","1997","1997","tonnes","609","A","Official figure"
"RP","Pesticides Use","356","India","5157","Agricultural Use","1321","Herbicides – Phenoxy hormone products","1998","1998","tonnes","659","A","Official figure"
"RP","Pesticides Use","356","India","5157","Agricultural Use","1321","Herbicides – Phenoxy hormone products","1999","1999","tonnes","680","A","Official figure"
"RP","Pesticides Use","356","India","5157","Agricultural Use","1322","Herbicides – Triazines","1990","1990","tonnes","275","A","Official figure"
"RP","Pesticides Use","356","India","5157","Agricultural Use","1322","Herbicides – Triazines","1991","1991","tonnes","285","A","Official figure"
"RP","Pesticides Use","356","India","5157","Agricultural Use","1322","Herbicides – Triazines","1992","1992","tonnes","277","A","Official figure"
"RP","Pesticides Use","356","India","5157","Agricultural Use","1322","Herbicides – Triazines","1993","1993","tonnes","310","I","Imputed value"
"RP","Pesticides Use","356","India","5157","Agricultural Use","1322","Herbicides – Triazines","1994","1994","tonnes","472","A","Official figure"
"RP","Pesticides Use","356","India","5157","Agricultural Use","1322","Herbicides – Triazines","1995","1995","tonnes","207","A","Official figure"
"RP","Pesticides Use","356","India","5157","Agricultural Use","1322","Herbicides – Triazines","1996","1996","tonnes","353","A","Official figure"
"RP","Pesticides Use","356","India","5157","Agricultural Use","1322","Herbicides – Triazines","1997","1997","tonnes","350","A","Official figure"
"RP","Pesticides Use","356","India","5157","Agricultural Use","1322","Herbicides – Triazines","1998","1998","tonnes","452","A","Official figure"
"RP","Pesticides Use","356","India","5157","Agricultural Use","1322","Herbicides – Triazines","1999","1999","tonnes","424","A","Official figure"
"RP","Pesticides Use","356","India","5157","Agricultural Use","1323","Herbicides – Amides","1993","1993","tonnes","1113","I","Imputed value"
"RP","Pesticides Use","356","India","5157","Agricultural Use","1323","Herbicides – Amides","1994","1994","tonnes","1919","A","Official figure"
"RP","Pesticides Use","356","India","5157","Agricultural Use","1323","Herbicides – Amides","1995","1995","tonnes","2271","A","Official figure"
"RP","Pesticides Use","356","India","5157","Agricultural Use","1323","Herbicides – Amides","1996","1996","tonnes","2596","A","Official figure"
"RP","Pesticides Use","356","India","5157","Agricultural Use","1323","Herbicides – Amides","1997","1997","tonnes","2644","A","Official figure"
"RP","Pesticides Use","356","India","5157","Agricultural Use","1323","Herbicides – Amides","1998","1998","tonnes","2647","A","Official figure"
"RP","Pesticides Use","356","India","5157","Agricultural Use","1323","Herbicides – Amides","1999","1999","tonnes","2598","A","Official figure"
"RP","Pesticides Use","356","India","5157","Agricultural Use","1325","Herbicides – Dinitroanilines","1994","1994","tonnes","95","A","Official figure"
"RP","Pesticides Use","356","India","5157","Agricultural Use","1325","Herbicides – Dinitroanilines","1995","1995","tonnes","94","A","Official figure"
"RP","Pesticides Use","356","India","5157","Agricultural Use","1325","Herbicides – Dinitroanilines","1996","1996","tonnes","114","A","Official figure"
"RP","Pesticides Use","356","India","5157","Agricultural Use","1325","Herbicides – Dinitroanilines","1997","1997","tonnes","112","A","Official figure"
"RP","Pesticides Use","356","India","5157","Agricultural Use","1325","Herbicides – Dinitroanilines","1998","1998","tonnes","164","A","Official figure"
"RP","Pesticides Use","356","India","5157","Agricultural Use","1325","Herbicides – Dinitroanilines","1999","1999","tonnes","161","A","Official figure"
"RP","Pesticides Use","356","India","5157","Agricultural Use","1325","Herbicides – Dinitroanilines","2003","2003","tonnes","213","A","Official figure"
"RP","Pesticides Use","356","India","5157","Agricultural Use","1325","Herbicides – Dinitroanilines","2004","2004","tonnes","115","A","Official figure"
"RP","Pesticides Use","356","India","5157","Agricultural Use","1325","Herbicides – Dinitroanilines","2005","2005","tonnes","289","A","Official figure"
"RP","Pesticides Use","356","India","5157","Agricultural Use","1325","Herbicides – Dinitroanilines","2006","2006","tonnes","82","A","Official figure"
"RP","Pesticides Use","356","India","5157","Agricultural Use","1325","Herbicides – Dinitroanilines","2007","2007","tonnes","98","A","Official figure"
"RP","Pesticides Use","356","India","5157","Agricultural Use","1325","Herbicides – Dinitroanilines","2008","2008","tonnes","81.04","A","Official figure"
"RP","Pesticides Use","356","India","5157","Agricultural Use","1325","Herbicides – Dinitroanilines","2009","2009","tonnes","49.26","A","Official figure"
"RP","Pesticides Use","356","India","5157","Agricultural Use","1325","Herbicides – Dinitroanilines","2010","2010","tonnes","71.24","A","Official figure"
"RP","Pesticides Use","356","India","5157","Agricultural Use","1326","Herbicides – Urea derivates","1990","1990","tonnes","1804","A","Official figure"
"RP","Pesticides Use","356","India","5157","Agricultural Use","1326","Herbicides – Urea derivates","1991","1991","tonnes","1881","A","Official figure"
"RP","Pesticides Use","356","India","5157","Agricultural Use","1326","Herbicides – Urea derivates","1992","1992","tonnes","2290","A","Official figure"
"RP","Pesticides Use","356","India","5157","Agricultural Use","1326","Herbicides – Urea derivates","1993","1993","tonnes","2307","I","Imputed value"
"RP","Pesticides Use","356","India","5157","Agricultural Use","1326","Herbicides – Urea derivates","1994","1994","tonnes","2568","A","Official figure"
"RP","Pesticides Use","356","India","5157","Agricultural Use","1326","Herbicides – Urea derivates","1995","1995","tonnes","2490","A","Official figure"
"RP","Pesticides Use","356","India","5157","Agricultural Use","1326","Herbicides – Urea derivates","1996","1996","tonnes","2657","A","Official figure"
"RP","Pesticides Use","356","India","5157","Agricultural Use","1326","Herbicides – Urea derivates","1997","1997","tonnes","2674","A","Official figure"
"RP","Pesticides Use","356","India","5157","Agricultural Use","1326","Herbicides – Urea derivates","1998","1998","tonnes","2662","A","Official figure"
"RP","Pesticides Use","356","India","5157","Agricultural Use","1326","Herbicides – Urea derivates","1999","1999","tonnes","2685","A","Official figure"
"RP","Pesticides Use","356","India","5157","Agricultural Use","1326","Herbicides – Urea derivates","2003","2003","tonnes","2842","A","Official figure"
"RP","Pesticides Use","356","India","5157","Agricultural Use","1326","Herbicides – Urea derivates","2004","2004","tonnes","2333","A","Official figure"
"RP","Pesticides Use","356","India","5157","Agricultural Use","1326","Herbicides – Urea derivates","2005","2005","tonnes","1447","A","Official figure"
"RP","Pesticides Use","356","India","5157","Agricultural Use","1326","Herbicides – Urea derivates","2006","2006","tonnes","2251","A","Official figure"
"RP","Pesticides Use","356","India","5157","Agricultural Use","1326","Herbicides – Urea derivates","2007","2007","tonnes","1428.07","A","Official figure"
"RP","Pesticides Use","356","India","5157","Agricultural Use","1326","Herbicides – Urea derivates","2008","2008","tonnes","1217.44","A","Official figure"
"RP","Pesticides Use","356","India","5157","Agricultural Use","1326","Herbicides – Urea derivates","2009","2009","tonnes","1214.73","A","Official figure"
"RP","Pesticides Use","356","India","5157","Agricultural Use","1326","Herbicides – Urea derivates","2010","2010","tonnes","1833.59","A","Official figure"
"RP","Pesticides Use","356","India","5157","Agricultural Use","1329","Herbicides – Bipiridils","1994","1994","tonnes","46","A","Official figure"
"RP","Pesticides Use","356","India","5157","Agricultural Use","1329","Herbicides – Bipiridils","1995","1995","tonnes","25","A","Official figure"
"RP","Pesticides Use","356","India","5157","Agricultural Use","1329","Herbicides – Bipiridils","1996","1996","tonnes","35","A","Official figure"
"RP","Pesticides Use","356","India","5157","Agricultural Use","1329","Herbicides – Bipiridils","1997","1997","tonnes","41","A","Official figure"
"RP","Pesticides Use","356","India","5157","Agricultural Use","1329","Herbicides – Bipiridils","1998","1998","tonnes","62","A","Official figure"
"RP","Pesticides Use","356","India","5157","Agricultural Use","1329","Herbicides – Bipiridils","1999","1999","tonnes","113","A","Official figure"
"RP","Pesticides Use","356","India","5157","Agricultural Use","1327","Herbicides – Other","1990","1990","tonnes","2951","A","Official figure"
"RP","Pesticides Use","356","India","5157","Agricultural Use","1327","Herbicides – Other","1991","1991","tonnes","3151","A","Official figure"
"RP","Pesticides Use","356","India","5157","Agricultural Use","1327","Herbicides – Other","1992","1992","tonnes","4120","A","Official figure"
"RP","Pesticides Use","356","India","5157","Agricultural Use","1327","Herbicides – Other","1993","1993","tonnes","2234","I","Imputed value"
"RP","Pesticides Use","356","India","5157","Agricultural Use","1327","Herbicides – Other","1994","1994","tonnes","1098","A","Official figure"
"RP","Pesticides Use","356","India","5157","Agricultural Use","1327","Herbicides – Other","1995","1995","tonnes","566","A","Official figure"
"RP","Pesticides Use","356","India","5157","Agricultural Use","1327","Herbicides – Other","1996","1996","tonnes","882","A","Official figure"
"RP","Pesticides Use","356","India","5157","Agricultural Use","1327","Herbicides – Other","1997","1997","tonnes","562","A","Official figure"
"RP","Pesticides Use","356","India","5157","Agricultural Use","1327","Herbicides – Other","1998","1998","tonnes","835","A","Official figure"
"RP","Pesticides Use","356","India","5157","Agricultural Use","1327","Herbicides – Other","1999","1999","tonnes","819","A","Official figure"
"RP","Pesticides Use","356","India","5157","Agricultural Use","1327","Herbicides – Other","2003","2003","tonnes","4445","A","Official figure"
"RP","Pesticides Use","356","India","5157","Agricultural Use","1327","Herbicides – Other","2004","2004","tonnes","2706","A","Official figure"
"RP","Pesticides Use","356","India","5157","Agricultural Use","1327","Herbicides – Other","2005","2005","tonnes","5223","A","Official figure"
"RP","Pesticides Use","356","India","5157","Agricultural Use","1327","Herbicides – Other","2006","2006","tonnes","3971","A","Official figure"
"RP","Pesticides Use","356","India","5157","Agricultural Use","1327","Herbicides – Other","2007","2007","tonnes","2595.59","A","Official figure"
"RP","Pesticides Use","356","India","5157","Agricultural Use","1327","Herbicides – Other","2008","2008","tonnes","2276.19","A","Official figure"
"RP","Pesticides Use","356","India","5157","Agricultural Use","1327","Herbicides – Other","2009","2009","tonnes","2955.99","A","Official figure"
"RP","Pesticides Use","356","India","5157","Agricultural Use","1327","Herbicides – Other","2010","2010","tonnes","4430.15","A","Official figure"
"RP","Pesticides Use","356","India","5157","Agricultural Use","1331","Fungicides and Bactericides","1990","1990","tonnes","10902","A","Official figure"
"RP","Pesticides Use","356","India","5157","Agricultural Use","1331","Fungicides and Bactericides","1991","1991","tonnes","11078","A","Official figure"
"RP","Pesticides Use","356","India","5157","Agricultural Use","1331","Fungicides and Bactericides","1992","1992","tonnes","10968","A","Official figure"
"RP","Pesticides Use","356","India","5157","Agricultural Use","1331","Fungicides and Bactericides","1993","1993","tonnes","10465","I","Imputed value"
"RP","Pesticides Use","356","India","5157","Agricultural Use","1331","Fungicides and Bactericides","1994","1994","tonnes","10177","A","Official figure"
"RP","Pesticides Use","356","India","5157","Agricultural Use","1331","Fungicides and Bactericides","1995","1995","tonnes","9635","A","Official figure"
"RP","Pesticides Use","356","India","5157","Agricultural Use","1331","Fungicides and Bactericides","1996","1996","tonnes","9227","A","Official figure"
"RP","Pesticides Use","356","India","5157","Agricultural Use","1331","Fungicides and Bactericides","1997","1997","tonnes","8641","A","Official figure"
"RP","Pesticides Use","356","India","5157","Agricultural Use","1331","Fungicides and Bactericides","1998","1998","tonnes","9864","A","Official figure"
"RP","Pesticides Use","356","India","5157","Agricultural Use","1331","Fungicides and Bactericides","1999","1999","tonnes","7801","A","Official figure"
"RP","Pesticides Use","356","India","5157","Agricultural Use","1331","Fungicides and Bactericides","2000","2000","tonnes","8607.77","I","Imputed value"
"RP","Pesticides Use","356","India","5157","Agricultural Use","1331","Fungicides and Bactericides","2001","2001","tonnes","9414.54","I","Imputed value"
"RP","Pesticides Use","356","India","5157","Agricultural Use","1331","Fungicides and Bactericides","2002","2002","tonnes","10221.31","I","Imputed value"
"RP","Pesticides Use","356","India","5157","Agricultural Use","1331","Fungicides and Bactericides","2003","2003","tonnes","11028.08","A","Official figure"
"RP","Pesticides Use","356","India","5157","Agricultural Use","1331","Fungicides and Bactericides","2004","2004","tonnes","8435","A","Official figure"
"RP","Pesticides Use","356","India","5157","Agricultural Use","1331","Fungicides and Bactericides","2005","2005","tonnes","6566","A","Official figure"
"RP","Pesticides Use","356","India","5157","Agricultural Use","1331","Fungicides and Bactericides","2006","2006","tonnes","13367","A","Official figure"
"RP","Pesticides Use","356","India","5157","Agricultural Use","1331","Fungicides and Bactericides","2007","2007","tonnes","8297.14","A","Official figure"
"RP","Pesticides Use","356","India","5157","Agricultural Use","1331","Fungicides and Bactericides","2008","2008","tonnes","7491.31","A","Official figure"
"RP","Pesticides Use","356","India","5157","Agricultural Use","1331","Fungicides and Bactericides","2009","2009","tonnes","9626.71","A","Official figure"
"RP","Pesticides Use","356","India","5157","Agricultural Use","1331","Fungicides and Bactericides","2010","2010","tonnes","13055.44","A","Official figure"
"RP","Pesticides Use","356","India","5157","Agricultural Use","1331","Fungicides and Bactericides","2011","2011","tonnes","18085.12","I","Imputed value"
"RP","Pesticides Use","356","India","5157","Agricultural Use","1331","Fungicides and Bactericides","2012","2012","tonnes","17251.52","I","Imputed value"
"RP","Pesticides Use","356","India","5157","Agricultural Use","1331","Fungicides and Bactericides","2013","2013","tonnes","14854.94","I","Imputed value"
"RP","Pesticides Use","356","India","5157","Agricultural Use","1331","Fungicides and Bactericides","2014","2014","tonnes","18322.06","I","Imputed value"
"RP","Pesticides Use","356","India","5157","Agricultural Use","1331","Fungicides and Bactericides","2015","2015","tonnes","18469.39","I","Imputed value"
"RP","Pesticides Use","356","India","5157","Agricultural Use","1331","Fungicides and Bactericides","2016","2016","tonnes","19092.74","I","Imputed value"
"RP","Pesticides Use","356","India","5157","Agricultural Use","1331","Fungicides and Bactericides","2017","2017","tonnes","20646.4","I","Imputed value"
"RP","Pesticides Use","356","India","5157","Agricultural Use","1331","Fungicides and Bactericides","2018","2018","tonnes","19429.92","I","Imputed value"
"RP","Pesticides Use","356","India","5157","Agricultural Use","1331","Fungicides and Bactericides","2019","2019","tonnes","20091.58","I","Imputed value"
"RP","Pesticides Use","356","India","5157","Agricultural Use","1331","Fungicides and Bactericides","2020","2020","tonnes","20091.58","I","Imputed value"
"RP","Pesticides Use","356","India","5157","Agricultural Use","1332","Fung & Bact – Inorganics","1990","1990","tonnes","6292","A","Official figure"
"RP","Pesticides Use","356","India","5157","Agricultural Use","1332","Fung & Bact – Inorganics","1991","1991","tonnes","5761","A","Official figure"
"RP","Pesticides Use","356","India","5157","Agricultural Use","1332","Fung & Bact – Inorganics","1992","1992","tonnes","5520","A","Official figure"
"RP","Pesticides Use","356","India","5157","Agricultural Use","1332","Fung & Bact – Inorganics","1993","1993","tonnes","5681","I","Imputed value"
"RP","Pesticides Use","356","India","5157","Agricultural Use","1332","Fung & Bact – Inorganics","1994","1994","tonnes","5884","A","Official figure"
"RP","Pesticides Use","356","India","5157","Agricultural Use","1332","Fung & Bact – Inorganics","1995","1995","tonnes","5560","A","Official figure"
"RP","Pesticides Use","356","India","5157","Agricultural Use","1332","Fung & Bact – Inorganics","1996","1996","tonnes","5018","A","Official figure"
"RP","Pesticides Use","356","India","5157","Agricultural Use","1332","Fung & Bact – Inorganics","1997","1997","tonnes","4646","A","Official figure"
"RP","Pesticides Use","356","India","5157","Agricultural Use","1332","Fung & Bact – Inorganics","1998","1998","tonnes","5359","A","Official figure"
"RP","Pesticides Use","356","India","5157","Agricultural Use","1332","Fung & Bact – Inorganics","1999","1999","tonnes","3680","A","Official figure"
"RP","Pesticides Use","356","India","5157","Agricultural Use","1332","Fung & Bact – Inorganics","2003","2003","tonnes","5573","A","Official figure"
"RP","Pesticides Use","356","India","5157","Agricultural Use","1332","Fung & Bact – Inorganics","2004","2004","tonnes","4629","A","Official figure"
"RP","Pesticides Use","356","India","5157","Agricultural Use","1332","Fung & Bact – Inorganics","2005","2005","tonnes","2318","A","Official figure"
"RP","Pesticides Use","356","India","5157","Agricultural Use","1332","Fung & Bact – Inorganics","2006","2006","tonnes","5907","A","Official figure"
"RP","Pesticides Use","356","India","5157","Agricultural Use","1332","Fung & Bact – Inorganics","2007","2007","tonnes","5409.84","A","Official figure"
"RP","Pesticides Use","356","India","5157","Agricultural Use","1332","Fung & Bact – Inorganics","2008","2008","tonnes","5061.44","A","Official figure"
"RP","Pesticides Use","356","India","5157","Agricultural Use","1332","Fung & Bact – Inorganics","2009","2009","tonnes","5580.06","A","Official figure"
"RP","Pesticides Use","356","India","5157","Agricultural Use","1332","Fung & Bact – Inorganics","2010","2010","tonnes","6298.29","A","Official figure"
"RP","Pesticides Use","356","India","5157","Agricultural Use","1333","Fung & Bact – Dithiocarbamates","1990","1990","tonnes","3249","A","Official figure"
"RP","Pesticides Use","356","India","5157","Agricultural Use","1333","Fung & Bact – Dithiocarbamates","1991","1991","tonnes","3746","A","Official figure"
"RP","Pesticides Use","356","India","5157","Agricultural Use","1333","Fung & Bact – Dithiocarbamates","1992","1992","tonnes","3806","A","Official figure"
"RP","Pesticides Use","356","India","5157","Agricultural Use","1333","Fung & Bact – Dithiocarbamates","1993","1993","tonnes","3745","I","Imputed value"
"RP","Pesticides Use","356","India","5157","Agricultural Use","1333","Fung & Bact – Dithiocarbamates","1994","1994","tonnes","3807","A","Official figure"
"RP","Pesticides Use","356","India","5157","Agricultural Use","1333","Fung & Bact – Dithiocarbamates","1995","1995","tonnes","3620","A","Official figure"
"RP","Pesticides Use","356","India","5157","Agricultural Use","1333","Fung & Bact – Dithiocarbamates","1996","1996","tonnes","3629","A","Official figure"
"RP","Pesticides Use","356","India","5157","Agricultural Use","1333","Fung & Bact – Dithiocarbamates","1997","1997","tonnes","2832","A","Official figure"
"RP","Pesticides Use","356","India","5157","Agricultural Use","1333","Fung & Bact – Dithiocarbamates","1998","1998","tonnes","3159","A","Official figure"
"RP","Pesticides Use","356","India","5157","Agricultural Use","1333","Fung & Bact – Dithiocarbamates","1999","1999","tonnes","2624","A","Official figure"
"RP","Pesticides Use","356","India","5157","Agricultural Use","1333","Fung & Bact – Dithiocarbamates","2003","2003","tonnes","4065","A","Official figure"
"RP","Pesticides Use","356","India","5157","Agricultural Use","1333","Fung & Bact – Dithiocarbamates","2004","2004","tonnes","3222","A","Official figure"
"RP","Pesticides Use","356","India","5157","Agricultural Use","1333","Fung & Bact – Dithiocarbamates","2005","2005","tonnes","2575","A","Official figure"
"RP","Pesticides Use","356","India","5157","Agricultural Use","1333","Fung & Bact – Dithiocarbamates","2006","2006","tonnes","4417","A","Official figure"
"RP","Pesticides Use","356","India","5157","Agricultural Use","1333","Fung & Bact – Dithiocarbamates","2007","2007","tonnes","1897.74","A","Official figure"
"RP","Pesticides Use","356","India","5157","Agricultural Use","1333","Fung & Bact – Dithiocarbamates","2008","2008","tonnes","1502.81","A","Official figure"
"RP","Pesticides Use","356","India","5157","Agricultural Use","1333","Fung & Bact – Dithiocarbamates","2009","2009","tonnes","2640.07","A","Official figure"
"RP","Pesticides Use","356","India","5157","Agricultural Use","1333","Fung & Bact – Dithiocarbamates","2010","2010","tonnes","4197.9","A","Official figure"
"RP","Pesticides Use","356","India","5157","Agricultural Use","1334","Fung & Bact – Benzimidazoles","1994","1994","tonnes","41","A","Official figure"
"RP","Pesticides Use","356","India","5157","Agricultural Use","1334","Fung & Bact – Benzimidazoles","1995","1995","tonnes","44","A","Official figure"
"RP","Pesticides Use","356","India","5157","Agricultural Use","1334","Fung & Bact – Benzimidazoles","1996","1996","tonnes","45","A","Official figure"
"RP","Pesticides Use","356","India","5157","Agricultural Use","1334","Fung & Bact – Benzimidazoles","1997","1997","tonnes","529","A","Official figure"
"RP","Pesticides Use","356","India","5157","Agricultural Use","1334","Fung & Bact – Benzimidazoles","1998","1998","tonnes","576","A","Official figure"
"RP","Pesticides Use","356","India","5157","Agricultural Use","1334","Fung & Bact – Benzimidazoles","1999","1999","tonnes","545","A","Official figure"
"RP","Pesticides Use","356","India","5157","Agricultural Use","1334","Fung & Bact – Benzimidazoles","2003","2003","tonnes","859","A","Official figure"
"RP","Pesticides Use","356","India","5157","Agricultural Use","1334","Fung & Bact – Benzimidazoles","2004","2004","tonnes","400","A","Official figure"
"RP","Pesticides Use","356","India","5157","Agricultural Use","1334","Fung & Bact – Benzimidazoles","2005","2005","tonnes","603","A","Official figure"
"RP","Pesticides Use","356","India","5157","Agricultural Use","1334","Fung & Bact – Benzimidazoles","2006","2006","tonnes","2167","A","Official figure"
"RP","Pesticides Use","356","India","5157","Agricultural Use","1334","Fung & Bact – Benzimidazoles","2007","2007","tonnes","774","A","Official figure"
"RP","Pesticides Use","356","India","5157","Agricultural Use","1334","Fung & Bact – Benzimidazoles","2008","2008","tonnes","638.41","A","Official figure"
"RP","Pesticides Use","356","India","5157","Agricultural Use","1334","Fung & Bact – Benzimidazoles","2009","2009","tonnes","1195.35","A","Official figure"
"RP","Pesticides Use","356","India","5157","Agricultural Use","1334","Fung & Bact – Benzimidazoles","2010","2010","tonnes","1992","A","Official figure"
"RP","Pesticides Use","356","India","5157","Agricultural Use","1335","Fung & Bact – Triazoles, diazoles","1993","1993","tonnes","2","I","Imputed value"
"RP","Pesticides Use","356","India","5157","Agricultural Use","1335","Fung & Bact – Triazoles, diazoles","1994","1994","tonnes","3","A","Official figure"
"RP","Pesticides Use","356","India","5157","Agricultural Use","1335","Fung & Bact – Triazoles, diazoles","1995","1995","tonnes","1","A","Official figure"
"RP","Pesticides Use","356","India","5157","Agricultural Use","1335","Fung & Bact – Triazoles, diazoles","1996","1996","tonnes","5","A","Official figure"
"RP","Pesticides Use","356","India","5157","Agricultural Use","1335","Fung & Bact – Triazoles, diazoles","1997","1997","tonnes","10","A","Official figure"
"RP","Pesticides Use","356","India","5157","Agricultural Use","1335","Fung & Bact – Triazoles, diazoles","1998","1998","tonnes","16","A","Official figure"
"RP","Pesticides Use","356","India","5157","Agricultural Use","1335","Fung & Bact – Triazoles, diazoles","1999","1999","tonnes","27","A","Official figure"
"RP","Pesticides Use","356","India","5157","Agricultural Use","1336","Fung & Bact – Diazines, morpholines","1993","1993","tonnes","40","I","Imputed value"
"RP","Pesticides Use","356","India","5157","Agricultural Use","1336","Fung & Bact – Diazines, morpholines","1994","1994","tonnes","42","A","Official figure"
"RP","Pesticides Use","356","India","5157","Agricultural Use","1336","Fung & Bact – Diazines, morpholines","1995","1995","tonnes","37","A","Official figure"
"RP","Pesticides Use","356","India","5157","Agricultural Use","1336","Fung & Bact – Diazines, morpholines","1996","1996","tonnes","129","A","Official figure"
"RP","Pesticides Use","356","India","5157","Agricultural Use","1336","Fung & Bact – Diazines, morpholines","1997","1997","tonnes","166","A","Official figure"
"RP","Pesticides Use","356","India","5157","Agricultural Use","1336","Fung & Bact – Diazines, morpholines","1998","1998","tonnes","215","A","Official figure"
"RP","Pesticides Use","356","India","5157","Agricultural Use","1336","Fung & Bact – Diazines, morpholines","1999","1999","tonnes","269","A","Official figure"
"RP","Pesticides Use","356","India","5157","Agricultural Use","1337","Fung & Bact – Other","1990","1990","tonnes","1361","A","Official figure"
"RP","Pesticides Use","356","India","5157","Agricultural Use","1337","Fung & Bact – Other","1991","1991","tonnes","1571","A","Official figure"
"RP","Pesticides Use","356","India","5157","Agricultural Use","1337","Fung & Bact – Other","1992","1992","tonnes","1642","A","Official figure"
"RP","Pesticides Use","356","India","5157","Agricultural Use","1337","Fung & Bact – Other","1993","1993","tonnes","997","I","Imputed value"
"RP","Pesticides Use","356","India","5157","Agricultural Use","1337","Fung & Bact – Other","1994","1994","tonnes","400","A","Official figure"
"RP","Pesticides Use","356","India","5157","Agricultural Use","1337","Fung & Bact – Other","1995","1995","tonnes","373","A","Official figure"
"RP","Pesticides Use","356","India","5157","Agricultural Use","1337","Fung & Bact – Other","1996","1996","tonnes","401","A","Official figure"
"RP","Pesticides Use","356","India","5157","Agricultural Use","1337","Fung & Bact – Other","1997","1997","tonnes","458","A","Official figure"
"RP","Pesticides Use","356","India","5157","Agricultural Use","1337","Fung & Bact – Other","1998","1998","tonnes","539","A","Official figure"
"RP","Pesticides Use","356","India","5157","Agricultural Use","1337","Fung & Bact – Other","1999","1999","tonnes","656","A","Official figure"
"RP","Pesticides Use","356","India","5157","Agricultural Use","1337","Fung & Bact – Other","2003","2003","tonnes","531.08","A","Official figure"
"RP","Pesticides Use","356","India","5157","Agricultural Use","1337","Fung & Bact – Other","2004","2004","tonnes","184","A","Official figure"
"RP","Pesticides Use","356","India","5157","Agricultural Use","1337","Fung & Bact – Other","2005","2005","tonnes","1070","A","Official figure"
"RP","Pesticides Use","356","India","5157","Agricultural Use","1337","Fung & Bact – Other","2006","2006","tonnes","876","A","Official figure"
"RP","Pesticides Use","356","India","5157","Agricultural Use","1337","Fung & Bact – Other","2007","2007","tonnes","215.56","A","Official figure"
"RP","Pesticides Use","356","India","5157","Agricultural Use","1337","Fung & Bact – Other","2008","2008","tonnes","288.65","A","Official figure"
"RP","Pesticides Use","356","India","5157","Agricultural Use","1337","Fung & Bact – Other","2009","2009","tonnes","211.23","A","Official figure"
"RP","Pesticides Use","356","India","5157","Agricultural Use","1337","Fung & Bact – Other","2010","2010","tonnes","567.25","A","Official figure"
"RP","Pesticides Use","356","India","5157","Agricultural Use","1352","Fungicides – Seed treatments","1990","1990","tonnes","0","I","Imputed value"
"RP","Pesticides Use","356","India","5157","Agricultural Use","1352","Fungicides – Seed treatments","1991","1991","tonnes","0","I","Imputed value"
"RP","Pesticides Use","356","India","5157","Agricultural Use","1352","Fungicides – Seed treatments","1992","1992","tonnes","0","I","Imputed value"
"RP","Pesticides Use","356","India","5157","Agricultural Use","1352","Fungicides – Seed treatments","1993","1993","tonnes","0","I","Imputed value"
"RP","Pesticides Use","356","India","5157","Agricultural Use","1352","Fungicides – Seed treatments","1994","1994","tonnes","0","I","Imputed value"
"RP","Pesticides Use","356","India","5157","Agricultural Use","1352","Fungicides – Seed treatments","1995","1995","tonnes","0","I","Imputed value"
"RP","Pesticides Use","356","India","5157","Agricultural Use","1352","Fungicides – Seed treatments","1996","1996","tonnes","0","I","Imputed value"
"RP","Pesticides Use","356","India","5157","Agricultural Use","1352","Fungicides – Seed treatments","1997","1997","tonnes","392","A","Official figure"
"RP","Pesticides Use","356","India","5157","Agricultural Use","1352","Fungicides – Seed treatments","1998","1998","tonnes","438","A","Official figure"
"RP","Pesticides Use","356","India","5157","Agricultural Use","1352","Fungicides – Seed treatments","1999","1999","tonnes","480","A","Official figure"
"RP","Pesticides Use","356","India","5157","Agricultural Use","1352","Fungicides – Seed treatments","2000","2000","tonnes","360","I","Imputed value"
"RP","Pesticides Use","356","India","5157","Agricultural Use","1352","Fungicides – Seed treatments","2001","2001","tonnes","240","I","Imputed value"
"RP","Pesticides Use","356","India","5157","Agricultural Use","1352","Fungicides – Seed treatments","2002","2002","tonnes","120","I","Imputed value"
"RP","Pesticides Use","356","India","5157","Agricultural Use","1352","Fungicides – Seed treatments","2003","2003","tonnes","0","I","Imputed value"
"RP","Pesticides Use","356","India","5157","Agricultural Use","1352","Fungicides – Seed treatments","2004","2004","tonnes","0","I","Imputed value"
"RP","Pesticides Use","356","India","5157","Agricultural Use","1352","Fungicides – Seed treatments","2005","2005","tonnes","0","I","Imputed value"
"RP","Pesticides Use","356","India","5157","Agricultural Use","1352","Fungicides – Seed treatments","2006","2006","tonnes","0","I","Imputed value"
"RP","Pesticides Use","356","India","5157","Agricultural Use","1352","Fungicides – Seed treatments","2007","2007","tonnes","0","I","Imputed value"
"RP","Pesticides Use","356","India","5157","Agricultural Use","1352","Fungicides – Seed treatments","2008","2008","tonnes","0","I","Imputed value"
"RP","Pesticides Use","356","India","5157","Agricultural Use","1352","Fungicides – Seed treatments","2009","2009","tonnes","0","I","Imputed value"
"RP","Pesticides Use","356","India","5157","Agricultural Use","1352","Fungicides – Seed treatments","2010","2010","tonnes","0","I","Imputed value"
"RP","Pesticides Use","356","India","5157","Agricultural Use","1352","Fungicides – Seed treatments","2011","2011","tonnes","0","I","Imputed value"
"RP","Pesticides Use","356","India","5157","Agricultural Use","1352","Fungicides – Seed treatments","2012","2012","tonnes","0","I","Imputed value"
"RP","Pesticides Use","356","India","5157","Agricultural Use","1352","Fungicides – Seed treatments","2013","2013","tonnes","0","I","Imputed value"
"RP","Pesticides Use","356","India","5157","Agricultural Use","1352","Fungicides – Seed treatments","2014","2014","tonnes","0","I","Imputed value"
"RP","Pesticides Use","356","India","5157","Agricultural Use","1352","Fungicides – Seed treatments","2015","2015","tonnes","0","I","Imputed value"
"RP","Pesticides Use","356","India","5157","Agricultural Use","1352","Fungicides – Seed treatments","2016","2016","tonnes","0","I","Imputed value"
"RP","Pesticides Use","356","India","5157","Agricultural Use","1352","Fungicides – Seed treatments","2017","2017","tonnes","0","I","Imputed value"
"RP","Pesticides Use","356","India","5157","Agricultural Use","1352","Fungicides – Seed treatments","2018","2018","tonnes","0","I","Imputed value"
"RP","Pesticides Use","356","India","5157","Agricultural Use","1352","Fungicides – Seed treatments","2019","2019","tonnes","0","I","Imputed value"
"RP","Pesticides Use","356","India","5157","Agricultural Use","1352","Fungicides – Seed treatments","2020","2020","tonnes","0","I","Imputed value"
"RP","Pesticides Use","356","India","5157","Agricultural Use","1317","Seed Treat Fung – Dithiocarbamates","1997","1997","tonnes","316","A","Official figure"
"RP","Pesticides Use","356","India","5157","Agricultural Use","1317","Seed Treat Fung – Dithiocarbamates","1998","1998","tonnes","366","A","Official figure"
"RP","Pesticides Use","356","India","5157","Agricultural Use","1317","Seed Treat Fung – Dithiocarbamates","1999","1999","tonnes","405","A","Official figure"
"RP","Pesticides Use","356","India","5157","Agricultural Use","1318","Seed Treat Fung – Benzimidazoles","1997","1997","tonnes","11","A","Official figure"
"RP","Pesticides Use","356","India","5157","Agricultural Use","1318","Seed Treat Fung – Benzimidazoles","1998","1998","tonnes","16","A","Official figure"
"RP","Pesticides Use","356","India","5157","Agricultural Use","1318","Seed Treat Fung – Benzimidazoles","1999","1999","tonnes","21","A","Official figure"
"RP","Pesticides Use","356","India","5157","Agricultural Use","1319","Seed Treat Fung – Triazoles, diazoles","1997","1997","tonnes","4","A","Official figure"
"RP","Pesticides Use","356","India","5157","Agricultural Use","1319","Seed Treat Fung – Triazoles, diazoles","1998","1998","tonnes","5","A","Official figure"
"RP","Pesticides Use","356","India","5157","Agricultural Use","1319","Seed Treat Fung – Triazoles, diazoles","1999","1999","tonnes","3","A","Official figure"
"RP","Pesticides Use","356","India","5157","Agricultural Use","1339","Seed Treat Fung – Other","1997","1997","tonnes","61","A","Official figure"
"RP","Pesticides Use","356","India","5157","Agricultural Use","1339","Seed Treat Fung – Other","1998","1998","tonnes","51","A","Official figure"
"RP","Pesticides Use","356","India","5157","Agricultural Use","1339","Seed Treat Fung – Other","1999","1999","tonnes","51","A","Official figure"
"RP","Pesticides Use","356","India","5157","Agricultural Use","1353","Insecticides – Seed Treatments","1990","1990","tonnes","0","I","Imputed value"
"RP","Pesticides Use","356","India","5157","Agricultural Use","1353","Insecticides – Seed Treatments","1991","1991","tonnes","0","I","Imputed value"
"RP","Pesticides Use","356","India","5157","Agricultural Use","1353","Insecticides – Seed Treatments","1992","1992","tonnes","0","I","Imputed value"
"RP","Pesticides Use","356","India","5157","Agricultural Use","1353","Insecticides – Seed Treatments","1993","1993","tonnes","0","I","Imputed value"
"RP","Pesticides Use","356","India","5157","Agricultural Use","1353","Insecticides – Seed Treatments","1994","1994","tonnes","0","I","Imputed value"
"RP","Pesticides Use","356","India","5157","Agricultural Use","1353","Insecticides – Seed Treatments","1995","1995","tonnes","0","I","Imputed value"
"RP","Pesticides Use","356","India","5157","Agricultural Use","1353","Insecticides – Seed Treatments","1996","1996","tonnes","0","I","Imputed value"
"RP","Pesticides Use","356","India","5157","Agricultural Use","1353","Insecticides – Seed Treatments","1997","1997","tonnes","2341","A","Official figure"
"RP","Pesticides Use","356","India","5157","Agricultural Use","1353","Insecticides – Seed Treatments","1998","1998","tonnes","2091","A","Official figure"
"RP","Pesticides Use","356","India","5157","Agricultural Use","1353","Insecticides – Seed Treatments","1999","1999","tonnes","1563","A","Official figure"
"RP","Pesticides Use","356","India","5157","Agricultural Use","1353","Insecticides – Seed Treatments","2000","2000","tonnes","1172.25","I","Imputed value"
"RP","Pesticides Use","356","India","5157","Agricultural Use","1353","Insecticides – Seed Treatments","2001","2001","tonnes","781.5","I","Imputed value"
"RP","Pesticides Use","356","India","5157","Agricultural Use","1353","Insecticides – Seed Treatments","2002","2002","tonnes","390.75","I","Imputed value"
"RP","Pesticides Use","356","India","5157","Agricultural Use","1353","Insecticides – Seed Treatments","2003","2003","tonnes","0","I","Imputed value"
"RP","Pesticides Use","356","India","5157","Agricultural Use","1353","Insecticides – Seed Treatments","2004","2004","tonnes","0","I","Imputed value"
"RP","Pesticides Use","356","India","5157","Agricultural Use","1353","Insecticides – Seed Treatments","2005","2005","tonnes","0","I","Imputed value"
"RP","Pesticides Use","356","India","5157","Agricultural Use","1353","Insecticides – Seed Treatments","2006","2006","tonnes","0","I","Imputed value"
"RP","Pesticides Use","356","India","5157","Agricultural Use","1353","Insecticides – Seed Treatments","2007","2007","tonnes","0","I","Imputed value"
"RP","Pesticides Use","356","India","5157","Agricultural Use","1353","Insecticides – Seed Treatments","2008","2008","tonnes","0","I","Imputed value"
"RP","Pesticides Use","356","India","5157","Agricultural Use","1353","Insecticides – Seed Treatments","2009","2009","tonnes","0","I","Imputed value"
"RP","Pesticides Use","356","India","5157","Agricultural Use","1353","Insecticides – Seed Treatments","2010","2010","tonnes","0","I","Imputed value"
"RP","Pesticides Use","356","India","5157","Agricultural Use","1353","Insecticides – Seed Treatments","2011","2011","tonnes","0","I","Imputed value"
"RP","Pesticides Use","356","India","5157","Agricultural Use","1353","Insecticides – Seed Treatments","2012","2012","tonnes","0","I","Imputed value"
"RP","Pesticides Use","356","India","5157","Agricultural Use","1353","Insecticides – Seed Treatments","2013","2013","tonnes","0","I","Imputed value"
"RP","Pesticides Use","356","India","5157","Agricultural Use","1353","Insecticides – Seed Treatments","2014","2014","tonnes","0","I","Imputed value"
"RP","Pesticides Use","356","India","5157","Agricultural Use","1353","Insecticides – Seed Treatments","2015","2015","tonnes","0","I","Imputed value"
"RP","Pesticides Use","356","India","5157","Agricultural Use","1353","Insecticides – Seed Treatments","2016","2016","tonnes","0","I","Imputed value"
"RP","Pesticides Use","356","India","5157","Agricultural Use","1353","Insecticides – Seed Treatments","2017","2017","tonnes","0","I","Imputed value"
"RP","Pesticides Use","356","India","5157","Agricultural Use","1353","Insecticides – Seed Treatments","2018","2018","tonnes","0","I","Imputed value"
"RP","Pesticides Use","356","India","5157","Agricultural Use","1353","Insecticides – Seed Treatments","2019","2019","tonnes","0","I","Imputed value"
"RP","Pesticides Use","356","India","5157","Agricultural Use","1353","Insecticides – Seed Treatments","2020","2020","tonnes","0","I","Imputed value"
"RP","Pesticides Use","356","India","5157","Agricultural Use","1340","Seed Treat Insect – Organo-phosphates","1997","1997","tonnes","1654","A","Official figure"
"RP","Pesticides Use","356","India","5157","Agricultural Use","1340","Seed Treat Insect – Organo-phosphates","1998","1998","tonnes","1206","A","Official figure"
"RP","Pesticides Use","356","India","5157","Agricultural Use","1340","Seed Treat Insect – Organo-phosphates","1999","1999","tonnes","974","A","Official figure"
"RP","Pesticides Use","356","India","5157","Agricultural Use","1342","Seed Treat Insect – Carbamates","1997","1997","tonnes","687","A","Official figure"
"RP","Pesticides Use","356","India","5157","Agricultural Use","1342","Seed Treat Insect – Carbamates","1998","1998","tonnes","885","A","Official figure"
"RP","Pesticides Use","356","India","5157","Agricultural Use","1342","Seed Treat Insect – Carbamates","1999","1999","tonnes","589","A","Official figure"
"RP","Pesticides Use","356","India","5157","Agricultural Use","1341","Plant Growth Regulators","1990","1990","tonnes","28","A","Official figure"
"RP","Pesticides Use","356","India","5157","Agricultural Use","1341","Plant Growth Regulators","1991","1991","tonnes","39","A","Official figure"
"RP","Pesticides Use","356","India","5157","Agricultural Use","1341","Plant Growth Regulators","1992","1992","tonnes","43","A","Official figure"
"RP","Pesticides Use","356","India","5157","Agricultural Use","1341","Plant Growth Regulators","1993","1993","tonnes","48","I","Imputed value"
"RP","Pesticides Use","356","India","5157","Agricultural Use","1341","Plant Growth Regulators","1994","1994","tonnes","51","A","Official figure"
"RP","Pesticides Use","356","India","5157","Agricultural Use","1341","Plant Growth Regulators","1995","1995","tonnes","58","A","Official figure"
"RP","Pesticides Use","356","India","5157","Agricultural Use","1341","Plant Growth Regulators","1996","1996","tonnes","55","A","Official figure"
"RP","Pesticides Use","356","India","5157","Agricultural Use","1341","Plant Growth Regulators","1997","1997","tonnes","65","A","Official figure"
"RP","Pesticides Use","356","India","5157","Agricultural Use","1341","Plant Growth Regulators","1998","1998","tonnes","48","A","Official figure"
"RP","Pesticides Use","356","India","5157","Agricultural Use","1341","Plant Growth Regulators","1999","1999","tonnes","68","A","Official figure"
"RP","Pesticides Use","356","India","5157","Agricultural Use","1341","Plant Growth Regulators","2000","2000","tonnes","56.75","I","Imputed value"
"RP","Pesticides Use","356","India","5157","Agricultural Use","1341","Plant Growth Regulators","2001","2001","tonnes","45.5","I","Imputed value"
"RP","Pesticides Use","356","India","5157","Agricultural Use","1341","Plant Growth Regulators","2002","2002","tonnes","34.25","I","Imputed value"
"RP","Pesticides Use","356","India","5157","Agricultural Use","1341","Plant Growth Regulators","2003","2003","tonnes","23","A","Official figure"
"RP","Pesticides Use","356","India","5157","Agricultural Use","1341","Plant Growth Regulators","2004","2004","tonnes","35","A","Official figure"
"RP","Pesticides Use","356","India","5157","Agricultural Use","1341","Plant Growth Regulators","2005","2005","tonnes","34","A","Official figure"
"RP","Pesticides Use","356","India","5157","Agricultural Use","1341","Plant Growth Regulators","2006","2006","tonnes","839","A","Official figure"
"RP","Pesticides Use","356","India","5157","Agricultural Use","1341","Plant Growth Regulators","2007","2007","tonnes","43.02","A","Official figure"
"RP","Pesticides Use","356","India","5157","Agricultural Use","1341","Plant Growth Regulators","2008","2008","tonnes","141.02","A","Official figure"
"RP","Pesticides Use","356","India","5157","Agricultural Use","1341","Plant Growth Regulators","2009","2009","tonnes","50.13","A","Official figure"
"RP","Pesticides Use","356","India","5157","Agricultural Use","1341","Plant Growth Regulators","2010","2010","tonnes","84.44","A","Official figure"
"RP","Pesticides Use","356","India","5157","Agricultural Use","1341","Plant Growth Regulators","2011","2011","tonnes","116.97","I","Imputed value"
"RP","Pesticides Use","356","India","5157","Agricultural Use","1341","Plant Growth Regulators","2012","2012","tonnes","111.58","I","Imputed value"
"RP","Pesticides Use","356","India","5157","Agricultural Use","1341","Plant Growth Regulators","2013","2013","tonnes","96.08","I","Imputed value"
"RP","Pesticides Use","356","India","5157","Agricultural Use","1341","Plant Growth Regulators","2014","2014","tonnes","118.5","I","Imputed value"
"RP","Pesticides Use","356","India","5157","Agricultural Use","1341","Plant Growth Regulators","2015","2015","tonnes","119.46","I","Imputed value"
"RP","Pesticides Use","356","India","5157","Agricultural Use","1341","Plant Growth Regulators","2016","2016","tonnes","123.49","I","Imputed value"
"RP","Pesticides Use","356","India","5157","Agricultural Use","1341","Plant Growth Regulators","2017","2017","tonnes","133.54","I","Imputed value"
"RP","Pesticides Use","356","India","5157","Agricultural Use","1341","Plant Growth Regulators","2018","2018","tonnes","125.67","I","Imputed value"
"RP","Pesticides Use","356","India","5157","Agricultural Use","1341","Plant Growth Regulators","2019","2019","tonnes","129.95","I","Imputed value"
"RP","Pesticides Use","356","India","5157","Agricultural Use","1341","Plant Growth Regulators","2020","2020","tonnes","129.95","I","Imputed value"
"RP","Pesticides Use","356","India","5157","Agricultural Use","1345","Rodenticides","1990","1990","tonnes","304","A","Official figure"
"RP","Pesticides Use","356","India","5157","Agricultural Use","1345","Rodenticides","1991","1991","tonnes","593","A","Official figure"
"RP","Pesticides Use","356","India","5157","Agricultural Use","1345","Rodenticides","1992","1992","tonnes","684","A","Official figure"
"RP","Pesticides Use","356","India","5157","Agricultural Use","1345","Rodenticides","1993","1993","tonnes","456","I","Imputed value"
"RP","Pesticides Use","356","India","5157","Agricultural Use","1345","Rodenticides","1994","1994","tonnes","310","A","Official figure"
"RP","Pesticides Use","356","India","5157","Agricultural Use","1345","Rodenticides","1995","1995","tonnes","236","A","Official figure"
"RP","Pesticides Use","356","India","5157","Agricultural Use","1345","Rodenticides","1996","1996","tonnes","259","A","Official figure"
"RP","Pesticides Use","356","India","5157","Agricultural Use","1345","Rodenticides","1997","1997","tonnes","695","A","Official figure"
"RP","Pesticides Use","356","India","5157","Agricultural Use","1345","Rodenticides","1998","1998","tonnes","603","A","Official figure"
"RP","Pesticides Use","356","India","5157","Agricultural Use","1345","Rodenticides","1999","1999","tonnes","563","A","Official figure"
"RP","Pesticides Use","356","India","5157","Agricultural Use","1345","Rodenticides","2000","2000","tonnes","422.25","I","Imputed value"
"RP","Pesticides Use","356","India","5157","Agricultural Use","1345","Rodenticides","2001","2001","tonnes","281.5","I","Imputed value"
"RP","Pesticides Use","356","India","5157","Agricultural Use","1345","Rodenticides","2002","2002","tonnes","140.75","I","Imputed value"
"RP","Pesticides Use","356","India","5157","Agricultural Use","1345","Rodenticides","2003","2003","tonnes","0","I","Imputed value"
"RP","Pesticides Use","356","India","5157","Agricultural Use","1345","Rodenticides","2004","2004","tonnes","0","I","Imputed value"
"RP","Pesticides Use","356","India","5157","Agricultural Use","1345","Rodenticides","2005","2005","tonnes","0","I","Imputed value"
"RP","Pesticides Use","356","India","5157","Agricultural Use","1345","Rodenticides","2006","2006","tonnes","0","I","Imputed value"
"RP","Pesticides Use","356","India","5157","Agricultural Use","1345","Rodenticides","2007","2007","tonnes","343.31","A","Official figure"
"RP","Pesticides Use","356","India","5157","Agricultural Use","1345","Rodenticides","2008","2008","tonnes","0","I","Imputed value"
"RP","Pesticides Use","356","India","5157","Agricultural Use","1345","Rodenticides","2009","2009","tonnes","0","I","Imputed value"
"RP","Pesticides Use","356","India","5157","Agricultural Use","1345","Rodenticides","2010","2010","tonnes","0","I","Imputed value"
"RP","Pesticides Use","356","India","5157","Agricultural Use","1345","Rodenticides","2011","2011","tonnes","0","I","Imputed value"
"RP","Pesticides Use","356","India","5157","Agricultural Use","1345","Rodenticides","2012","2012","tonnes","0","I","Imputed value"
"RP","Pesticides Use","356","India","5157","Agricultural Use","1345","Rodenticides","2013","2013","tonnes","0","I","Imputed value"
"RP","Pesticides Use","356","India","5157","Agricultural Use","1345","Rodenticides","2014","2014","tonnes","0","I","Imputed value"
"RP","Pesticides Use","356","India","5157","Agricultural Use","1345","Rodenticides","2015","2015","tonnes","0","I","Imputed value"
"RP","Pesticides Use","356","India","5157","Agricultural Use","1345","Rodenticides","2016","2016","tonnes","0","I","Imputed value"
"RP","Pesticides Use","356","India","5157","Agricultural Use","1345","Rodenticides","2017","2017","tonnes","0","I","Imputed value"
"RP","Pesticides Use","356","India","5157","Agricultural Use","1345","Rodenticides","2018","2018","tonnes","0","I","Imputed value"
"RP","Pesticides Use","356","India","5157","Agricultural Use","1345","Rodenticides","2019","2019","tonnes","0","I","Imputed value"
"RP","Pesticides Use","356","India","5157","Agricultural Use","1345","Rodenticides","2020","2020","tonnes","0","I","Imputed value"
"RP","Pesticides Use","356","India","5157","Agricultural Use","1346","Rodenticides – Anti-coagulants","1990","1990","tonnes","11","A","Official figure"
"RP","Pesticides Use","356","India","5157","Agricultural Use","1346","Rodenticides – Anti-coagulants","1991","1991","tonnes","15","A","Official figure"
"RP","Pesticides Use","356","India","5157","Agricultural Use","1346","Rodenticides – Anti-coagulants","1992","1992","tonnes","10","A","Official figure"
"RP","Pesticides Use","356","India","5157","Agricultural Use","1346","Rodenticides – Anti-coagulants","1993","1993","tonnes","20","I","Imputed value"
"RP","Pesticides Use","356","India","5157","Agricultural Use","1346","Rodenticides – Anti-coagulants","1994","1994","tonnes","26","A","Official figure"
"RP","Pesticides Use","356","India","5157","Agricultural Use","1346","Rodenticides – Anti-coagulants","1995","1995","tonnes","30","A","Official figure"
"RP","Pesticides Use","356","India","5157","Agricultural Use","1346","Rodenticides – Anti-coagulants","1996","1996","tonnes","30","A","Official figure"
"RP","Pesticides Use","356","India","5157","Agricultural Use","1346","Rodenticides – Anti-coagulants","1997","1997","tonnes","24","A","Official figure"
"RP","Pesticides Use","356","India","5157","Agricultural Use","1346","Rodenticides – Anti-coagulants","1998","1998","tonnes","42","A","Official figure"
"RP","Pesticides Use","356","India","5157","Agricultural Use","1346","Rodenticides – Anti-coagulants","1999","1999","tonnes","79","A","Official figure"
"RP","Pesticides Use","356","India","5157","Agricultural Use","1347","Rodenticides – Other","1990","1990","tonnes","293","A","Official figure"
"RP","Pesticides Use","356","India","5157","Agricultural Use","1347","Rodenticides – Other","1991","1991","tonnes","578","A","Official figure"
"RP","Pesticides Use","356","India","5157","Agricultural Use","1347","Rodenticides – Other","1992","1992","tonnes","674","A","Official figure"
"RP","Pesticides Use","356","India","5157","Agricultural Use","1347","Rodenticides – Other","1993","1993","tonnes","436","I","Imputed value"
"RP","Pesticides Use","356","India","5157","Agricultural Use","1347","Rodenticides – Other","1994","1994","tonnes","284","A","Official figure"
"RP","Pesticides Use","356","India","5157","Agricultural Use","1347","Rodenticides – Other","1995","1995","tonnes","206","A","Official figure"
"RP","Pesticides Use","356","India","5157","Agricultural Use","1347","Rodenticides – Other","1996","1996","tonnes","229","A","Official figure"
"RP","Pesticides Use","356","India","5157","Agricultural Use","1347","Rodenticides – Other","1997","1997","tonnes","671","A","Official figure"
"RP","Pesticides Use","356","India","5157","Agricultural Use","1347","Rodenticides – Other","1998","1998","tonnes","561","A","Official figure"
"RP","Pesticides Use","356","India","5157","Agricultural Use","1347","Rodenticides – Other","1999","1999","tonnes","484","A","Official figure"
"RP","Pesticides Use","356","India","5157","Agricultural Use","1355","Other Pesticides nes","1990","1990","tonnes","0","I","Imputed value"
"RP","Pesticides Use","356","India","5157","Agricultural Use","1355","Other Pesticides nes","1991","1991","tonnes","0","I","Imputed value"
"RP","Pesticides Use","356","India","5157","Agricultural Use","1355","Other Pesticides nes","1992","1992","tonnes","0","I","Imputed value"
"RP","Pesticides Use","356","India","5157","Agricultural Use","1355","Other Pesticides nes","1993","1993","tonnes","1795","I","Imputed value"
"RP","Pesticides Use","356","India","5157","Agricultural Use","1355","Other Pesticides nes","1994","1994","tonnes","2015","A","Official figure"
"RP","Pesticides Use","356","India","5157","Agricultural Use","1355","Other Pesticides nes","1995","1995","tonnes","5163","A","Official figure"
"RP","Pesticides Use","356","India","5157","Agricultural Use","1355","Other Pesticides nes","1996","1996","tonnes","3829","A","Official figure"
"RP","Pesticides Use","356","India","5157","Agricultural Use","1355","Other Pesticides nes","1997","1997","tonnes","2075","A","Official figure"
"RP","Pesticides Use","356","India","5157","Agricultural Use","1355","Other Pesticides nes","1998","1998","tonnes","364","A","Official figure"
"RP","Pesticides Use","356","India","5157","Agricultural Use","1355","Other Pesticides nes","1999","1999","tonnes","835","A","Official figure"
"RP","Pesticides Use","356","India","5157","Agricultural Use","1355","Other Pesticides nes","2000","2000","tonnes","626.25","I","Imputed value"
"RP","Pesticides Use","356","India","5157","Agricultural Use","1355","Other Pesticides nes","2001","2001","tonnes","417.5","I","Imputed value"
"RP","Pesticides Use","356","India","5157","Agricultural Use","1355","Other Pesticides nes","2002","2002","tonnes","208.75","I","Imputed value"
"RP","Pesticides Use","356","India","5157","Agricultural Use","1355","Other Pesticides nes","2003","2003","tonnes","0","I","Imputed value"
"RP","Pesticides Use","356","India","5157","Agricultural Use","1355","Other Pesticides nes","2004","2004","tonnes","0","I","Imputed value"
"RP","Pesticides Use","356","India","5157","Agricultural Use","1355","Other Pesticides nes","2005","2005","tonnes","0","I","Imputed value"
"RP","Pesticides Use","356","India","5157","Agricultural Use","1355","Other Pesticides nes","2006","2006","tonnes","0","I","Imputed value"
"RP","Pesticides Use","356","India","5157","Agricultural Use","1355","Other Pesticides nes","2007","2007","tonnes","0","I","Imputed value"
"RP","Pesticides Use","356","India","5157","Agricultural Use","1355","Other Pesticides nes","2008","2008","tonnes","0","I","Imputed value"
"RP","Pesticides Use","356","India","5157","Agricultural Use","1355","Other Pesticides nes","2009","2009","tonnes","0","I","Imputed value"
"RP","Pesticides Use","356","India","5157","Agricultural Use","1355","Other Pesticides nes","2010","2010","tonnes","0","I","Imputed value"
"RP","Pesticides Use","356","India","5157","Agricultural Use","1355","Other Pesticides nes","2011","2011","tonnes","0","I","Imputed value"
"RP","Pesticides Use","356","India","5157","Agricultural Use","1355","Other Pesticides nes","2012","2012","tonnes","0","I","Imputed value"
"RP","Pesticides Use","356","India","5157","Agricultural Use","1355","Other Pesticides nes","2013","2013","tonnes","0","I","Imputed value"
"RP","Pesticides Use","356","India","5157","Agricultural Use","1355","Other Pesticides nes","2014","2014","tonnes","0","I","Imputed value"
"RP","Pesticides Use","356","India","5157","Agricultural Use","1355","Other Pesticides nes","2015","2015","tonnes","0","I","Imputed value"
"RP","Pesticides Use","356","India","5157","Agricultural Use","1355","Other Pesticides nes","2016","2016","tonnes","0","I","Imputed value"
"RP","Pesticides Use","356","India","5157","Agricultural Use","1355","Other Pesticides nes","2017","2017","tonnes","0","I","Imputed value"
"RP","Pesticides Use","356","India","5157","Agricultural Use","1355","Other Pesticides nes","2018","2018","tonnes","0","I","Imputed value"
"RP","Pesticides Use","356","India","5157","Agricultural Use","1355","Other Pesticides nes","2019","2019","tonnes","0","I","Imputed value"
"RP","Pesticides Use","356","India","5157","Agricultural Use","1355","Other Pesticides nes","2020","2020","tonnes","0","I","Imputed value"
